ID;Дата;Название;Расход;Расход бонусов;Расход с абонентского счета
18799258;2026-09-01;ЩИТЫ;149,01;0,00;0,00
26690415;2026-09-01;Дерево;299,86;0,00;0,00
26690474;2026-09-01;Волосы;837,09;0,00;0,00
18565429;2026-09-01;Щетки для одежды;17,74;0,00;0,00
18527511;2026-09-01;Щетки массажные с ручкой;94,95;0,00;0,00
20555384;2026-09-01;Щетки для бороды;73,30;0,00;0,00
28000564;2026-09-01;БОРОДА;15,54;0,00;0,00
20063144;2026-09-01;Щетки для рук (январь);936,18;0,00;0,00
26690728;2026-09-01;ОБУВНЫЕ;103,77;0,00;0,00
26690317;2026-09-01;Банные;478,11;0,00;0,00
26700705;2026-09-01;ГАРДЕНА;346,99;0,00;0,00
18526766;2026-09-01;Щетки обувные (ноябрь);25,57;0,00;0,00
20063319;2026-09-01;Макловицы (декабрь);119,54;0,00;0,00
20064092;2026-09-01;Щетки для животных (декабрь);503,92;0,00;0,00
26690436;2026-09-01;Хозяйственные;318,18;0,00;0,00
27104715;2026-09-01;ШВАБРЫ;2501,61;0,00;0,00
23001987;2026-09-01;Щетки массажные без ручки;35,83;0,00;0,00
28000277;2026-09-01;Автомобильные;265,57;0,00;0,00
28000277;2026-09-02;Автомобильные;231,98;0,00;0,00
26690436;2026-09-02;Хозяйственные;342,15;0,00;0,00
18565429;2026-09-02;Щетки для одежды;6,71;0,00;0,00
26690317;2026-09-02;Банные;485,64;0,00;0,00
18799258;2026-09-02;ЩИТЫ;152,51;0,00;0,00
18526766;2026-09-02;Щетки обувные (ноябрь);23,31;0,00;0,00
28000564;2026-09-02;БОРОДА;15,52;0,00;0,00
26690728;2026-09-02;ОБУВНЫЕ;191,52;0,00;0,00
27104715;2026-09-02;ШВАБРЫ;3273,19;0,00;0,00
26690474;2026-09-02;Волосы;1113,03;0,00;0,00
20063319;2026-09-02;Макловицы (декабрь);178,70;0,00;0,00
20063144;2026-09-02;Щетки для рук (январь);994,78;0,00;0,00
26690415;2026-09-02;Дерево;318,70;0,00;0,00
20064092;2026-09-02;Щетки для животных (декабрь);790,75;0,00;0,00
23001987;2026-09-02;Щетки массажные без ручки;37,11;0,00;0,00
18527511;2026-09-02;Щетки массажные с ручкой;153,97;0,00;0,00
26700705;2026-09-02;ГАРДЕНА;729,27;0,00;0,00
20555384;2026-09-02;Щетки для бороды;132,60;0,00;0,00
20555384;2026-09-03;Щетки для бороды;115,63;0,00;0,00
26700705;2026-09-03;ГАРДЕНА;730,48;0,00;0,00
27104715;2026-09-03;ШВАБРЫ;3286,67;0,00;0,00
18565429;2026-09-03;Щетки для одежды;5,29;0,00;0,00
26690415;2026-09-03;Дерево;323,42;0,00;0,00
28000564;2026-09-03;БОРОДА;28,56;0,00;0,00
23001987;2026-09-03;Щетки массажные без ручки;26,46;0,00;0,00
18799258;2026-09-03;ЩИТЫ;145,51;0,00;0,00
20063319;2026-09-03;Макловицы (декабрь);84,76;0,00;0,00
20064092;2026-09-03;Щетки для животных (декабрь);879,46;0,00;0,00
20063144;2026-09-03;Щетки для рук (январь);1249,39;0,00;0,00
26690474;2026-09-03;Волосы;1216,30;0,00;0,00
18526766;2026-09-03;Щетки обувные (ноябрь);38,77;0,00;0,00
18527511;2026-09-03;Щетки массажные с ручкой;57,24;0,00;0,00
28000277;2026-09-03;Автомобильные;227,22;0,00;0,00
26690317;2026-09-03;Банные;638,61;0,00;0,00
26690728;2026-09-03;ОБУВНЫЕ;134,03;0,00;0,00
26690436;2026-09-03;Хозяйственные;463,05;0,00;0,00
20064092;2026-09-04;Щетки для животных (декабрь);285,39;0,00;0,00
26690415;2026-09-04;Дерево;312,21;0,00;0,00
18526766;2026-09-04;Щетки обувные (ноябрь);31,05;0,00;0,00
18799258;2026-09-04;ЩИТЫ;167,12;0,00;0,00
26690728;2026-09-04;ОБУВНЫЕ;77,87;0,00;0,00
20063144;2026-09-04;Щетки для рук (январь);1175,63;0,00;0,00
28000277;2026-09-04;Автомобильные;325,84;0,00;0,00
26690436;2026-09-04;Хозяйственные;522,29;0,00;0,00
20555384;2026-09-04;Щетки для бороды;144,51;0,00;0,00
20063319;2026-09-04;Макловицы (декабрь);216,21;0,00;0,00
18527511;2026-09-04;Щетки массажные с ручкой;71,33;0,00;0,00
26690474;2026-09-04;Волосы;977,78;0,00;0,00
26690317;2026-09-04;Банные;364,71;0,00;0,00
23001987;2026-09-04;Щетки массажные без ручки;22,77;0,00;0,00
27104715;2026-09-04;ШВАБРЫ;2735,96;0,00;0,00
26700705;2026-09-04;ГАРДЕНА;729,11;0,00;0,00
28000564;2026-09-04;БОРОДА;50,63;0,00;0,00
28000277;2026-09-05;Автомобильные;184,44;0,00;0,00
18565429;2026-09-05;Щетки для одежды;1,00;0,00;0,00
20064092;2026-09-05;Щетки для животных (декабрь);584,52;0,00;0,00
26690436;2026-09-05;Хозяйственные;395,56;0,00;0,00
23001987;2026-09-05;Щетки массажные без ручки;40,51;0,00;0,00
26700705;2026-09-05;ГАРДЕНА;542,44;0,00;0,00
28000564;2026-09-05;БОРОДА;23,64;0,00;0,00
26690728;2026-09-05;ОБУВНЫЕ;116,95;0,00;0,00
18799258;2026-09-05;ЩИТЫ;163,43;0,00;0,00
20063144;2026-09-05;Щетки для рук (январь);1378,16;0,00;0,00
20063319;2026-09-05;Макловицы (декабрь);179,69;0,00;0,00
26690474;2026-09-05;Волосы;1065,72;0,00;0,00
26690415;2026-09-05;Дерево;390,61;0,00;0,00
18526766;2026-09-05;Щетки обувные (ноябрь);24,91;0,00;0,00
27104715;2026-09-05;ШВАБРЫ;3144,70;0,00;0,00
18527511;2026-09-05;Щетки массажные с ручкой;31,61;0,00;0,00
26690317;2026-09-05;Банные;412,44;0,00;0,00
20555384;2026-09-05;Щетки для бороды;114,33;0,00;0,00
20555384;2026-09-06;Щетки для бороды;97,63;0,00;0,00
26690474;2026-09-06;Волосы;1533,18;0,00;0,00
18526766;2026-09-06;Щетки обувные (ноябрь);44,23;0,00;0,00
26690728;2026-09-06;ОБУВНЫЕ;126,40;0,00;0,00
23001987;2026-09-06;Щетки массажные без ручки;32,98;0,00;0,00
27104715;2026-09-06;ШВАБРЫ;3271,53;0,00;0,00
26690415;2026-09-06;Дерево;391,17;0,00;0,00
18799258;2026-09-06;ЩИТЫ;24,78;0,00;0,00
18565429;2026-09-06;Щетки для одежды;26,99;0,00;0,00
26690436;2026-09-06;Хозяйственные;467,17;0,00;0,00
20063144;2026-09-06;Щетки для рук (январь);1570,62;0,00;0,00
26690317;2026-09-06;Банные;575,25;0,00;0,00
20063319;2026-09-06;Макловицы (декабрь);197,63;0,00;0,00
28000277;2026-09-06;Автомобильные;171,64;0,00;0,00
20064092;2026-09-06;Щетки для животных (декабрь);564,41;0,00;0,00
26700705;2026-09-06;ГАРДЕНА;604,04;0,00;0,00
28000564;2026-09-06;БОРОДА;43,25;0,00;0,00
18527511;2026-09-06;Щетки массажные с ручкой;8,71;0,00;0,00
26690474;2026-09-07;Волосы;698,63;0,00;0,00
28000277;2026-09-07;Автомобильные;171,19;0,00;0,00
20063319;2026-09-07;Макловицы (декабрь);259,64;0,00;0,00
27104715;2026-09-07;ШВАБРЫ;3379,00;0,00;0,00
26690415;2026-09-07;Дерево;410,08;0,00;0,00
26690436;2026-09-07;Хозяйственные;303,59;0,00;0,00
20063144;2026-09-07;Щетки для рук (январь);1277,59;0,00;0,00
28000564;2026-09-07;БОРОДА;54,82;0,00;0,00
26690317;2026-09-07;Банные;727,87;0,00;0,00
18526766;2026-09-07;Щетки обувные (ноябрь);41,36;0,00;0,00
20555384;2026-09-07;Щетки для бороды;111,06;0,00;0,00
18565429;2026-09-07;Щетки для одежды;1,00;0,00;0,00
26700705;2026-09-07;ГАРДЕНА;974,64;0,00;0,00
18527511;2026-09-07;Щетки массажные с ручкой;36,67;0,00;0,00
23001987;2026-09-07;Щетки массажные без ручки;50,28;0,00;0,00
20064092;2026-09-07;Щетки для животных (декабрь);737,58;0,00;0,00
26690728;2026-09-07;ОБУВНЫЕ;128,14;0,00;0,00
18799258;2026-09-07;ЩИТЫ;340,12;0,00;0,00
20063319;2026-09-08;Макловицы (декабрь);253,61;0,00;0,00
26700705;2026-09-08;ГАРДЕНА;794,28;0,00;0,00
26690728;2026-09-08;ОБУВНЫЕ;135,99;0,00;0,00
23001987;2026-09-08;Щетки массажные без ручки;7,17;0,00;0,00
26690474;2026-09-08;Волосы;549,08;0,00;0,00
26690436;2026-09-08;Хозяйственные;426,75;0,00;0,00
20063144;2026-09-08;Щетки для рук (январь);1161,24;0,00;0,00
18527511;2026-09-08;Щетки массажные с ручкой;28,95;0,00;0,00
27104715;2026-09-08;ШВАБРЫ;3193,90;0,00;0,00
28000277;2026-09-08;Автомобильные;213,05;0,00;0,00
18799258;2026-09-08;ЩИТЫ;331,40;0,00;0,00
18526766;2026-09-08;Щетки обувные (ноябрь);36,79;0,00;0,00
20064092;2026-09-08;Щетки для животных (декабрь);815,60;0,00;0,00
26690415;2026-09-08;Дерево;382,00;0,00;0,00
28000564;2026-09-08;БОРОДА;35,11;0,00;0,00
20555384;2026-09-08;Щетки для бороды;79,65;0,00;0,00
26690317;2026-09-08;Банные;685,65;0,00;0,00
18527511;2026-09-09;Щетки массажные с ручкой;11,44;0,00;0,00
20064092;2026-09-09;Щетки для животных (декабрь);1132,21;0,00;0,00
20555384;2026-09-09;Щетки для бороды;118,85;0,00;0,00
20063144;2026-09-09;Щетки для рук (январь);1053,17;0,00;0,00
20063319;2026-09-09;Макловицы (декабрь);203,88;0,00;0,00
28000564;2026-09-09;БОРОДА;75,12;0,00;0,00
18526766;2026-09-09;Щетки обувные (ноябрь);13,49;0,00;0,00
26700705;2026-09-09;ГАРДЕНА;680,90;0,00;0,00
28000277;2026-09-09;Автомобильные;165,58;0,00;0,00
26690728;2026-09-09;ОБУВНЫЕ;190,36;0,00;0,00
26690317;2026-09-09;Банные;567,66;0,00;0,00
23001987;2026-09-09;Щетки массажные без ручки;33,83;0,00;0,00
26690474;2026-09-09;Волосы;682,71;0,00;0,00
18565429;2026-09-09;Щетки для одежды;8,79;0,00;0,00
26690415;2026-09-09;Дерево;190,75;0,00;0,00
26690436;2026-09-09;Хозяйственные;329,36;0,00;0,00
18799258;2026-09-09;ЩИТЫ;297,64;0,00;0,00
27104715;2026-09-09;ШВАБРЫ;1562,76;0,00;0,00
27104715;2026-09-10;ШВАБРЫ;1311,53;0,00;0,00
26690728;2026-09-10;ОБУВНЫЕ;141,74;0,00;0,00
26690415;2026-09-10;Дерево;239,99;0,00;0,00
28000277;2026-09-10;Автомобильные;79,46;0,00;0,00
28000564;2026-09-10;БОРОДА;119,79;0,00;0,00
20064092;2026-09-10;Щетки для животных (декабрь);801,73;0,00;0,00
26690474;2026-09-10;Волосы;761,45;0,00;0,00
23001987;2026-09-10;Щетки массажные без ручки;38,61;0,00;0,00
26690436;2026-09-10;Хозяйственные;422,35;0,00;0,00
18527511;2026-09-10;Щетки массажные с ручкой;34,54;0,00;0,00
20555384;2026-09-10;Щетки для бороды;54,07;0,00;0,00
18799258;2026-09-10;ЩИТЫ;209,94;0,00;0,00
20063319;2026-09-10;Макловицы (декабрь);162,01;0,00;0,00
26690317;2026-09-10;Банные;395,83;0,00;0,00
18526766;2026-09-10;Щетки обувные (ноябрь);34,19;0,00;0,00
26700705;2026-09-10;ГАРДЕНА;505,06;0,00;0,00
20063144;2026-09-10;Щетки для рук (январь);1381,79;0,00;0,00
28000564;2026-09-11;БОРОДА;69,97;0,00;0,00
26700705;2026-09-11;ГАРДЕНА;511,51;0,00;0,00
18565429;2026-09-11;Щетки для одежды;7,57;0,00;0,00
20063319;2026-09-11;Макловицы (декабрь);141,73;0,00;0,00
20064092;2026-09-11;Щетки для животных (декабрь);703,82;0,00;0,00
26690474;2026-09-11;Волосы;625,30;0,00;0,00
20555384;2026-09-11;Щетки для бороды;48,40;0,00;0,00
26690436;2026-09-11;Хозяйственные;277,40;0,00;0,00
26690728;2026-09-11;ОБУВНЫЕ;91,83;0,00;0,00
27104715;2026-09-11;ШВАБРЫ;1581,16;0,00;0,00
28000277;2026-09-11;Автомобильные;127,51;0,00;0,00
18527511;2026-09-11;Щетки массажные с ручкой;44,25;0,00;0,00
20063144;2026-09-11;Щетки для рук (январь);1216,59;0,00;0,00
26690317;2026-09-11;Банные;254,07;0,00;0,00
23001987;2026-09-11;Щетки массажные без ручки;34,01;0,00;0,00
18799258;2026-09-11;ЩИТЫ;289,61;0,00;0,00
18526766;2026-09-11;Щетки обувные (ноябрь);37,65;0,00;0,00
26690415;2026-09-11;Дерево;226,54;0,00;0,00
20063144;2026-09-12;Щетки для рук (январь);1096,34;0,00;0,00
20063319;2026-09-12;Макловицы (декабрь);148,45;0,00;0,00
28000564;2026-09-12;БОРОДА;80,83;0,00;0,00
20064092;2026-09-12;Щетки для животных (декабрь);1059,11;0,00;0,00
26700705;2026-09-12;ГАРДЕНА;892,49;0,00;0,00
26690728;2026-09-12;ОБУВНЫЕ;125,58;0,00;0,00
28000277;2026-09-12;Автомобильные;157,12;0,00;0,00
26690317;2026-09-12;Банные;553,89;0,00;0,00
23001987;2026-09-12;Щетки массажные без ручки;34,73;0,00;0,00
18799258;2026-09-12;ЩИТЫ;209,12;0,00;0,00
26690415;2026-09-12;Дерево;219,80;0,00;0,00
26690474;2026-09-12;Волосы;393,36;0,00;0,00
18565429;2026-09-12;Щетки для одежды;3,16;0,00;0,00
20555384;2026-09-12;Щетки для бороды;77,65;0,00;0,00
26690436;2026-09-12;Хозяйственные;295,10;0,00;0,00
18527511;2026-09-12;Щетки массажные с ручкой;59,57;0,00;0,00
18526766;2026-09-12;Щетки обувные (ноябрь);13,33;0,00;0,00
27104715;2026-09-12;ШВАБРЫ;2318,31;0,00;0,00
20064092;2026-09-13;Щетки для животных (декабрь);1565,65;0,00;0,00
18565429;2026-09-13;Щетки для одежды;4,97;0,00;0,00
26690415;2026-09-13;Дерево;247,80;0,00;0,00
20063144;2026-09-13;Щетки для рук (январь);1464,17;0,00;0,00
18527511;2026-09-13;Щетки массажные с ручкой;27,70;0,00;0,00
18799258;2026-09-13;ЩИТЫ;317,36;0,00;0,00
26690474;2026-09-13;Волосы;430,89;0,00;0,00
20555384;2026-09-13;Щетки для бороды;54,53;0,00;0,00
23001987;2026-09-13;Щетки массажные без ручки;49,58;0,00;0,00
28000564;2026-09-13;БОРОДА;92,55;0,00;0,00
26690436;2026-09-13;Хозяйственные;450,07;0,00;0,00
20063319;2026-09-13;Макловицы (декабрь);248,27;0,00;0,00
28000277;2026-09-13;Автомобильные;185,99;0,00;0,00
26690317;2026-09-13;Банные;573,48;0,00;0,00
26700705;2026-09-13;ГАРДЕНА;1190,75;0,00;0,00
26690728;2026-09-13;ОБУВНЫЕ;181,21;0,00;0,00
18526766;2026-09-13;Щетки обувные (ноябрь);12,29;0,00;0,00
27104715;2026-09-13;ШВАБРЫ;1752,30;0,00;0,00
26690728;2026-09-14;ОБУВНЫЕ;194,58;0,00;0,00
26690474;2026-09-14;Волосы;599,86;0,00;0,00
26690436;2026-09-14;Хозяйственные;367,99;0,00;0,00
18799258;2026-09-14;ЩИТЫ;249,18;0,00;0,00
20555384;2026-09-14;Щетки для бороды;55,45;0,00;0,00
18526766;2026-09-14;Щетки обувные (ноябрь);11,98;0,00;0,00
18527511;2026-09-14;Щетки массажные с ручкой;7,88;0,00;0,00
20064092;2026-09-14;Щетки для животных (декабрь);1346,93;0,00;0,00
28000277;2026-09-14;Автомобильные;164,65;0,00;0,00
28000564;2026-09-14;БОРОДА;87,50;0,00;0,00
26690415;2026-09-14;Дерево;304,57;0,00;0,00
26690317;2026-09-14;Банные;476,44;0,00;0,00
23001987;2026-09-14;Щетки массажные без ручки;47,38;0,00;0,00
20063144;2026-09-14;Щетки для рук (январь);1178,08;0,00;0,00
20063319;2026-09-14;Макловицы (декабрь);220,16;0,00;0,00
26700705;2026-09-14;ГАРДЕНА;805,42;0,00;0,00
27104715;2026-09-14;ШВАБРЫ;1816,09;0,00;0,00
18565429;2026-09-14;Щетки для одежды;14,34;0,00;0,00
26690415;2026-09-15;Дерево;242,29;0,00;0,00
20064092;2026-09-15;Щетки для животных (декабрь);1124,68;0,00;0,00
26690474;2026-09-15;Волосы;1043,98;0,00;0,00
28000564;2026-09-15;БОРОДА;73,38;0,00;0,00
18565429;2026-09-15;Щетки для одежды;7,15;0,00;0,00
26690728;2026-09-15;ОБУВНЫЕ;151,68;0,00;0,00
27104715;2026-09-15;ШВАБРЫ;1615,04;0,00;0,00
26700705;2026-09-15;ГАРДЕНА;573,89;0,00;0,00
18527511;2026-09-15;Щетки массажные с ручкой;13,37;0,00;0,00
28000277;2026-09-15;Автомобильные;236,10;0,00;0,00
26690317;2026-09-15;Банные;472,94;0,00;0,00
20063144;2026-09-15;Щетки для рук (январь);1132,66;0,00;0,00
18526766;2026-09-15;Щетки обувные (ноябрь);35,23;0,00;0,00
18799258;2026-09-15;ЩИТЫ;245,85;0,00;0,00
20063319;2026-09-15;Макловицы (декабрь);176,23;0,00;0,00
23001987;2026-09-15;Щетки массажные без ручки;58,44;0,00;0,00
26690436;2026-09-15;Хозяйственные;216,30;0,00;0,00
20555384;2026-09-15;Щетки для бороды;63,75;0,00;0,00
26700705;2026-09-16;ГАРДЕНА;567,68;0,00;0,00
18526766;2026-09-16;Щетки обувные (ноябрь);23,45;0,00;0,00
26690436;2026-09-16;Хозяйственные;261,59;0,00;0,00
18799258;2026-09-16;ЩИТЫ;34,22;0,00;0,00
28000277;2026-09-16;Автомобильные;135,45;0,00;0,00
26690317;2026-09-16;Банные;512,07;0,00;0,00
26690728;2026-09-16;ОБУВНЫЕ;219,43;0,00;0,00
20063319;2026-09-16;Макловицы (декабрь);117,39;0,00;0,00
27104715;2026-09-16;ШВАБРЫ;2479,79;0,00;0,00
20064092;2026-09-16;Щетки для животных (декабрь);1093,92;0,00;0,00
26690474;2026-09-16;Волосы;2036,70;0,00;0,00
28000564;2026-09-16;БОРОДА;56,31;0,00;0,00
23001987;2026-09-16;Щетки массажные без ручки;39,24;0,00;0,00
26690415;2026-09-16;Дерево;265,76;0,00;0,00
20063144;2026-09-16;Щетки для рук (январь);1539,94;0,00;0,00
18527511;2026-09-16;Щетки массажные с ручкой;25,14;0,00;0,00
20555384;2026-09-16;Щетки для бороды;69,96;0,00;0,00
18565429;2026-09-16;Щетки для одежды;7,04;0,00;0,00
18527511;2026-09-17;Щетки массажные с ручкой;22,68;0,00;0,00
20064092;2026-09-17;Щетки для животных (декабрь);1223,59;0,00;0,00
26690317;2026-09-17;Банные;1088,03;0,00;0,00
26690415;2026-09-17;Дерево;244,26;0,00;0,00
18526766;2026-09-17;Щетки обувные (ноябрь);30,40;0,00;0,00
20555384;2026-09-17;Щетки для бороды;47,17;0,00;0,00
20063319;2026-09-17;Макловицы (декабрь);159,24;0,00;0,00
26690728;2026-09-17;ОБУВНЫЕ;170,04;0,00;0,00
20063144;2026-09-17;Щетки для рук (январь);940,98;0,00;0,00
26690436;2026-09-17;Хозяйственные;247,58;0,00;0,00
26700705;2026-09-17;ГАРДЕНА;607,46;0,00;0,00
18565429;2026-09-17;Щетки для одежды;10,05;0,00;0,00
26690474;2026-09-17;Волосы;1886,16;0,00;0,00
18799258;2026-09-17;ЩИТЫ;196,04;0,00;0,00
28000564;2026-09-17;БОРОДА;52,34;0,00;0,00
23001987;2026-09-17;Щетки массажные без ручки;14,99;0,00;0,00
28000277;2026-09-17;Автомобильные;216,77;0,00;0,00
27104715;2026-09-17;ШВАБРЫ;1816,76;0,00;0,00
26700705;2026-09-18;ГАРДЕНА;711,36;0,00;0,00
20555384;2026-09-18;Щетки для бороды;100,72;0,00;0,00
20064092;2026-09-18;Щетки для животных (декабрь);1503,71;0,00;0,00
18799258;2026-09-18;ЩИТЫ;123,17;0,00;0,00
26690436;2026-09-18;Хозяйственные;337,02;0,00;0,00
23001987;2026-09-18;Щетки массажные без ручки;17,31;0,00;0,00
18526766;2026-09-18;Щетки обувные (ноябрь);40,42;0,00;0,00
26690415;2026-09-18;Дерево;323,45;0,00;0,00
28000564;2026-09-18;БОРОДА;81,26;0,00;0,00
26690317;2026-09-18;Банные;629,48;0,00;0,00
28000277;2026-09-18;Автомобильные;222,65;0,00;0,00
18527511;2026-09-18;Щетки массажные с ручкой;11,10;0,00;0,00
20063144;2026-09-18;Щетки для рук (январь);831,55;0,00;0,00
27104715;2026-09-18;ШВАБРЫ;1889,55;0,00;0,00
20063319;2026-09-18;Макловицы (декабрь);172,42;0,00;0,00
26690728;2026-09-18;ОБУВНЫЕ;179,56;0,00;0,00
26690474;2026-09-18;Волосы;910,45;0,00;0,00
26690317;2026-09-19;Банные;779,58;0,00;0,00
28000277;2026-09-19;Автомобильные;160,44;0,00;0,00
20555384;2026-09-19;Щетки для бороды;45,10;0,00;0,00
26690474;2026-09-19;Волосы;1210,52;0,00;0,00
18565429;2026-09-19;Щетки для одежды;1,00;0,00;0,00
26700705;2026-09-19;ГАРДЕНА;505,98;0,00;0,00
27104715;2026-09-19;ШВАБРЫ;2626,52;0,00;0,00
20063319;2026-09-19;Макловицы (декабрь);217,87;0,00;0,00
26690436;2026-09-19;Хозяйственные;305,32;0,00;0,00
18799258;2026-09-19;ЩИТЫ;126,53;0,00;0,00
18526766;2026-09-19;Щетки обувные (ноябрь);50,90;0,00;0,00
28000564;2026-09-19;БОРОДА;88,89;0,00;0,00
26690728;2026-09-19;ОБУВНЫЕ;309,53;0,00;0,00
18527511;2026-09-19;Щетки массажные с ручкой;42,88;0,00;0,00
23001987;2026-09-19;Щетки массажные без ручки;34,74;0,00;0,00
20063144;2026-09-19;Щетки для рук (январь);1184,03;0,00;0,00
20064092;2026-09-19;Щетки для животных (декабрь);1678,01;0,00;0,00
26690415;2026-09-19;Дерево;270,20;0,00;0,00
23001987;2026-09-20;Щетки массажные без ручки;64,49;0,00;0,00
26690728;2026-09-20;ОБУВНЫЕ;324,59;0,00;0,00
20063319;2026-09-20;Макловицы (декабрь);215,03;0,00;0,00
26690415;2026-09-20;Дерево;493,19;0,00;0,00
18527511;2026-09-20;Щетки массажные с ручкой;25,35;0,00;0,00
20555384;2026-09-20;Щетки для бороды;100,51;0,00;0,00
26700705;2026-09-20;ГАРДЕНА;550,19;0,00;0,00
20064092;2026-09-20;Щетки для животных (декабрь);1987,93;0,00;0,00
27104715;2026-09-20;ШВАБРЫ;2380,42;0,00;0,00
20063144;2026-09-20;Щетки для рук (январь);1317,71;0,00;0,00
18799258;2026-09-20;ЩИТЫ;171,04;0,00;0,00
18526766;2026-09-20;Щетки обувные (ноябрь);43,13;0,00;0,00
26690436;2026-09-20;Хозяйственные;361,12;0,00;0,00
26690474;2026-09-20;Волосы;1106,63;0,00;0,00
26690317;2026-09-20;Банные;942,88;0,00;0,00
28000277;2026-09-20;Автомобильные;190,02;0,00;0,00
28000564;2026-09-20;БОРОДА;105,73;0,00;0,00
20064092;2026-09-21;Щетки для животных (декабрь);2296,67;0,00;0,00
28000277;2026-09-21;Автомобильные;213,45;0,00;0,00
18526766;2026-09-21;Щетки обувные (ноябрь);68,64;0,00;0,00
26690436;2026-09-21;Хозяйственные;371,36;0,00;0,00
18527511;2026-09-21;Щетки массажные с ручкой;41,99;0,00;0,00
26690728;2026-09-21;ОБУВНЫЕ;156,05;0,00;0,00
27104715;2026-09-21;ШВАБРЫ;2696,04;0,00;0,00
20063319;2026-09-21;Макловицы (декабрь);191,57;0,00;0,00
23001987;2026-09-21;Щетки массажные без ручки;55,19;0,00;0,00
18565429;2026-09-21;Щетки для одежды;3,85;0,00;0,00
20063144;2026-09-21;Щетки для рук (январь);1000,39;0,00;0,00
18799258;2026-09-21;ЩИТЫ;124,48;0,00;0,00
20555384;2026-09-21;Щетки для бороды;112,21;0,00;0,00
26690317;2026-09-21;Банные;894,23;0,00;0,00
26690474;2026-09-21;Волосы;952,26;0,00;0,00
26700705;2026-09-21;ГАРДЕНА;560,78;0,00;0,00
26690415;2026-09-21;Дерево;405,72;0,00;0,00
28000564;2026-09-21;БОРОДА;151,24;0,00;0,00
18527511;2026-09-22;Щетки массажные с ручкой;39,79;0,00;0,00
20064092;2026-09-22;Щетки для животных (декабрь);2082,53;0,00;0,00
18799258;2026-09-22;ЩИТЫ;169,90;0,00;0,00
23001987;2026-09-22;Щетки массажные без ручки;84,00;0,00;0,00
18526766;2026-09-22;Щетки обувные (ноябрь);40,15;0,00;0,00
26690474;2026-09-22;Волосы;1004,96;0,00;0,00
20555384;2026-09-22;Щетки для бороды;81,96;0,00;0,00
28000277;2026-09-22;Автомобильные;202,38;0,00;0,00
26690317;2026-09-22;Банные;960,14;0,00;0,00
18565429;2026-09-22;Щетки для одежды;14,19;0,00;0,00
26690415;2026-09-22;Дерево;315,66;0,00;0,00
26700705;2026-09-22;ГАРДЕНА;675,00;0,00;0,00
26690436;2026-09-22;Хозяйственные;394,54;0,00;0,00
27104715;2026-09-22;ШВАБРЫ;3076,80;0,00;0,00
26690728;2026-09-22;ОБУВНЫЕ;252,83;0,00;0,00
20063144;2026-09-22;Щетки для рук (январь);822,54;0,00;0,00
20063319;2026-09-22;Макловицы (декабрь);224,86;0,00;0,00
28000564;2026-09-22;БОРОДА;82,96;0,00;0,00
26690436;2026-09-23;Хозяйственные;321,47;0,00;0,00
23001987;2026-09-23;Щетки массажные без ручки;72,76;0,00;0,00
27104715;2026-09-23;ШВАБРЫ;2440,62;0,00;0,00
20063319;2026-09-23;Макловицы (декабрь);280,07;0,00;0,00
28000277;2026-09-23;Автомобильные;281,17;0,00;0,00
26690415;2026-09-23;Дерево;395,28;0,00;0,00
26690317;2026-09-23;Банные;1024,36;0,00;0,00
18799258;2026-09-23;ЩИТЫ;94,19;0,00;0,00
18526766;2026-09-23;Щетки обувные (ноябрь);17,42;0,00;0,00
26690474;2026-09-23;Волосы;995,41;0,00;0,00
20555384;2026-09-23;Щетки для бороды;76,00;0,00;0,00
18527511;2026-09-23;Щетки массажные с ручкой;68,06;0,00;0,00
20064092;2026-09-23;Щетки для животных (декабрь);1779,39;0,00;0,00
18565429;2026-09-23;Щетки для одежды;2,79;0,00;0,00
26700705;2026-09-23;ГАРДЕНА;500,31;0,00;0,00
20063144;2026-09-23;Щетки для рук (январь);946,31;0,00;0,00
28000564;2026-09-23;БОРОДА;86,48;0,00;0,00
26690728;2026-09-23;ОБУВНЫЕ;274,95;0,00;0,00
26690415;2026-09-24;Дерево;386,60;0,00;0,00
20555384;2026-09-24;Щетки для бороды;73,10;0,00;0,00
20063319;2026-09-24;Макловицы (декабрь);211,93;0,00;0,00
18565429;2026-09-24;Щетки для одежды;2,79;0,00;0,00
20063144;2026-09-24;Щетки для рук (январь);1079,67;0,00;0,00
23001987;2026-09-24;Щетки массажные без ручки;55,41;0,00;0,00
18526766;2026-09-24;Щетки обувные (ноябрь);13,34;0,00;0,00
28000564;2026-09-24;БОРОДА;61,90;0,00;0,00
18527511;2026-09-24;Щетки массажные с ручкой;108,74;0,00;0,00
26700705;2026-09-24;ГАРДЕНА;650,56;0,00;0,00
26690728;2026-09-24;ОБУВНЫЕ;194,19;0,00;0,00
26690436;2026-09-24;Хозяйственные;412,56;0,00;0,00
28000277;2026-09-24;Автомобильные;159,46;0,00;0,00
20064092;2026-09-24;Щетки для животных (декабрь);1558,70;0,00;0,00
26690474;2026-09-24;Волосы;846,76;0,00;0,00
18799258;2026-09-24;ЩИТЫ;103,09;0,00;0,00
26690317;2026-09-24;Банные;732,99;0,00;0,00
27104715;2026-09-24;ШВАБРЫ;1790,68;0,00;0,00
18799258;2026-09-25;ЩИТЫ;73,54;0,00;0,00
20063319;2026-09-25;Макловицы (декабрь);252,14;0,00;0,00
26690436;2026-09-25;Хозяйственные;365,66;0,00;0,00
20555384;2026-09-25;Щетки для бороды;112,05;0,00;0,00
20063144;2026-09-25;Щетки для рук (январь);1020,20;0,00;0,00
23001987;2026-09-25;Щетки массажные без ручки;43,99;0,00;0,00
26690415;2026-09-25;Дерево;275,63;0,00;0,00
27104715;2026-09-25;ШВАБРЫ;2646,54;0,00;0,00
20064092;2026-09-25;Щетки для животных (декабрь);1465,08;0,00;0,00
26690728;2026-09-25;ОБУВНЫЕ;182,55;0,00;0,00
28000277;2026-09-25;Автомобильные;168,49;0,00;0,00
18526766;2026-09-25;Щетки обувные (ноябрь);13,37;0,00;0,00
28000564;2026-09-25;БОРОДА;93,53;0,00;0,00
26690317;2026-09-25;Банные;530,69;0,00;0,00
26700705;2026-09-25;ГАРДЕНА;548,58;0,00;0,00
26690474;2026-09-25;Волосы;813,94;0,00;0,00
18527511;2026-09-25;Щетки массажные с ручкой;78,14;0,00;0,00
23001987;2026-09-26;Щетки массажные без ручки;12,69;0,00;0,00
26690317;2026-09-26;Банные;504,38;0,00;0,00
28000277;2026-09-26;Автомобильные;272,49;0,00;0,00
26690728;2026-09-26;ОБУВНЫЕ;251,25;0,00;0,00
18799258;2026-09-26;ЩИТЫ;146,09;0,00;0,00
18526766;2026-09-26;Щетки обувные (ноябрь);5,32;0,00;0,00
26690436;2026-09-26;Хозяйственные;444,57;0,00;0,00
26700705;2026-09-26;ГАРДЕНА;445,62;0,00;0,00
26690415;2026-09-26;Дерево;374,48;0,00;0,00
27104715;2026-09-26;ШВАБРЫ;2406,46;0,00;0,00
20064092;2026-09-26;Щетки для животных (декабрь);1737,21;0,00;0,00
18527511;2026-09-26;Щетки массажные с ручкой;140,39;0,00;0,00
18565429;2026-09-26;Щетки для одежды;32,20;0,00;0,00
20063144;2026-09-26;Щетки для рук (январь);1135,78;0,00;0,00
20555384;2026-09-26;Щетки для бороды;132,72;0,00;0,00
26690474;2026-09-26;Волосы;843,36;0,00;0,00
20063319;2026-09-26;Макловицы (декабрь);270,13;0,00;0,00
28000564;2026-09-26;БОРОДА;127,75;0,00;0,00
18526766;2026-09-27;Щетки обувные (ноябрь);17,30;0,00;0,00
28000564;2026-09-27;БОРОДА;60,71;0,00;0,00
26690415;2026-09-27;Дерево;344,46;0,00;0,00
20064092;2026-09-27;Щетки для животных (декабрь);2018,17;0,00;0,00
18565429;2026-09-27;Щетки для одежды;2,61;0,00;0,00
18527511;2026-09-27;Щетки массажные с ручкой;156,91;0,00;0,00
20063319;2026-09-27;Макловицы (декабрь);189,13;0,00;0,00
26690474;2026-09-27;Волосы;799,75;0,00;0,00
20555384;2026-09-27;Щетки для бороды;152,82;0,00;0,00
26700705;2026-09-27;ГАРДЕНА;611,67;0,00;0,00
26690317;2026-09-27;Банные;566,60;0,00;0,00
26690728;2026-09-27;ОБУВНЫЕ;350,91;0,00;0,00
20063144;2026-09-27;Щетки для рук (январь);1186,83;0,00;0,00
27104715;2026-09-27;ШВАБРЫ;2851,09;0,00;0,00
26690436;2026-09-27;Хозяйственные;474,23;0,00;0,00
28000277;2026-09-27;Автомобильные;263,90;0,00;0,00
18799258;2026-09-27;ЩИТЫ;241,83;0,00;0,00
23001987;2026-09-27;Щетки массажные без ручки;35,94;0,00;0,00
26690728;2026-09-28;ОБУВНЫЕ;207,46;0,00;0,00
18799258;2026-09-28;ЩИТЫ;117,16;0,00;0,00
20555384;2026-09-28;Щетки для бороды;101,70;0,00;0,00
20064092;2026-09-28;Щетки для животных (декабрь);1933,84;0,00;0,00
26690474;2026-09-28;Волосы;865,17;0,00;0,00
23001987;2026-09-28;Щетки массажные без ручки;61,15;0,00;0,00
26690436;2026-09-28;Хозяйственные;481,04;0,00;0,00
26690415;2026-09-28;Дерево;294,45;0,00;0,00
20063144;2026-09-28;Щетки для рук (январь);1085,20;0,00;0,00
18526766;2026-09-28;Щетки обувные (ноябрь);10,17;0,00;0,00
18565429;2026-09-28;Щетки для одежды;6,21;0,00;0,00
26690317;2026-09-28;Банные;496,38;0,00;0,00
28000564;2026-09-28;БОРОДА;71,51;0,00;0,00
26700705;2026-09-28;ГАРДЕНА;503,53;0,00;0,00
28000277;2026-09-28;Автомобильные;184,08;0,00;0,00
18527511;2026-09-28;Щетки массажные с ручкой;137,92;0,00;0,00
20063319;2026-09-28;Макловицы (декабрь);193,72;0,00;0,00
27104715;2026-09-28;ШВАБРЫ;2620,73;0,00;0,00
20064092;2026-09-29;Щетки для животных (декабрь);1867,30;0,00;0,00
28000277;2026-09-29;Автомобильные;153,35;0,00;0,00
26690728;2026-09-29;ОБУВНЫЕ;246,90;0,00;0,00
28000564;2026-09-29;БОРОДА;85,60;0,00;0,00
18527511;2026-09-29;Щетки массажные с ручкой;86,18;0,00;0,00
23001987;2026-09-29;Щетки массажные без ручки;22,15;0,00;0,00
26690415;2026-09-29;Дерево;318,46;0,00;0,00
20063144;2026-09-29;Щетки для рук (январь);914,14;0,00;0,00
18565429;2026-09-29;Щетки для одежды;4,83;0,00;0,00
26690474;2026-09-29;Волосы;993,90;0,00;0,00
18526766;2026-09-29;Щетки обувные (ноябрь);10,13;0,00;0,00
20555384;2026-09-29;Щетки для бороды;184,50;0,00;0,00
20063319;2026-09-29;Макловицы (декабрь);139,00;0,00;0,00
27104715;2026-09-29;ШВАБРЫ;2656,87;0,00;0,00
26690436;2026-09-29;Хозяйственные;528,07;0,00;0,00
26700705;2026-09-29;ГАРДЕНА;590,06;0,00;0,00
18799258;2026-09-29;ЩИТЫ;179,29;0,00;0,00
26690317;2026-09-29;Банные;391,34;0,00;0,00
